Kode,Nama,harga beli,harga jual,keterangan,kategori,terjual,terbeli,sisa,no,barcode,brand,avatar
1,ssws,100,100,dsdd,sdasd,90,89,1,23,IDWARE281,tes,dist/upload/1
2,ssws,100,100,dsdd,sdasd,90,89,1,23,IDWARE282,tes,dist/upload/2
3,ssws,100,100,dsdd,sdasd,90,89,1,23,IDWARE283,tes,dist/upload/3
4,ssws,100,100,dsdd,sdasd,90,89,1,23,IDWARE284,tes,dist/upload/4
5,ssws,100,100,dsdd,sdasd,90,89,1,23,IDWARE285,tes,dist/upload/5
6,ssws,100,100,dsdd,sdasd,90,89,1,23,IDWARE286,tes,dist/upload/6
7,ssws,100,100,dsdd,sdasd,90,89,1,23,IDWARE287,tes,dist/upload/7
8,ssws,100,100,dsdd,sdasd,90,89,1,23,IDWARE288,tes,dist/upload/8
9,ssws,100,100,dsdd,sdasd,90,89,1,23,IDWARE289,tes,dist/upload/9
10,ssws,100,100,dsdd,sdasd,90,89,1,23,IDWARE290,tes,dist/upload/10
11,ssws,100,100,dsdd,sdasd,90,89,1,23,IDWARE291,tes,dist/upload/11
12,ssws,100,100,dsdd,sdasd,90,89,1,23,IDWARE292,tes,dist/upload/12
13,ssws,100,100,dsdd,sdasd,90,89,1,23,IDWARE293,tes,dist/upload/13
14,ssws,100,100,dsdd,sdasd,90,89,1,23,IDWARE294,tes,dist/upload/14
15,ssws,100,100,dsdd,sdasd,90,89,1,23,IDWARE295,tes,dist/upload/15
16,ssws,100,100,dsdd,sdasd,90,89,1,23,IDWARE296,tes,dist/upload/16
17,ssws,100,100,dsdd,sdasd,90,89,1,23,IDWARE297,tes,dist/upload/17
18,ssws,100,100,dsdd,sdasd,90,89,1,23,IDWARE298,tes,dist/upload/18
19,ssws,100,100,dsdd,sdasd,90,89,1,23,IDWARE299,tes,dist/upload/19
20,ssws,100,100,dsdd,sdasd,90,89,1,23,IDWARE300,tes,dist/upload/20
21,ssws,100,100,dsdd,sdasd,90,89,1,23,IDWARE301,tes,dist/upload/21
22,ssws,100,100,dsdd,sdasd,90,89,1,23,IDWARE302,tes,dist/upload/22
23,ssws,100,100,dsdd,sdasd,90,89,1,23,IDWARE303,tes,dist/upload/23
24,ssws,100,100,dsdd,sdasd,90,89,1,23,IDWARE304,tes,dist/upload/24
25,ssws,100,100,dsdd,sdasd,90,89,1,23,IDWARE305,tes,dist/upload/25
26,ssws,100,100,dsdd,sdasd,90,89,1,23,IDWARE306,tes,dist/upload/26
27,ssws,100,100,dsdd,sdasd,90,89,1,23,IDWARE307,tes,dist/upload/27
28,ssws,100,100,dsdd,sdasd,90,89,1,23,IDWARE308,tes,dist/upload/28
29,ssws,100,100,dsdd,sdasd,90,89,1,23,IDWARE309,tes,dist/upload/29
30,ssws,100,100,dsdd,sdasd,90,89,1,23,IDWARE310,tes,dist/upload/30
31,ssws,100,100,dsdd,sdasd,90,89,1,23,IDWARE311,tes,dist/upload/31
32,ssws,100,100,dsdd,sdasd,90,89,1,23,IDWARE312,tes,dist/upload/32
33,ssws,100,100,dsdd,sdasd,90,89,1,23,IDWARE313,tes,dist/upload/33
34,ssws,100,100,dsdd,sdasd,90,89,1,23,IDWARE314,tes,dist/upload/34
35,ssws,100,100,dsdd,sdasd,90,89,1,23,IDWARE315,tes,dist/upload/35
36,ssws,100,100,dsdd,sdasd,90,89,1,23,IDWARE316,tes,dist/upload/36
37,ssws,100,100,dsdd,sdasd,90,89,1,23,IDWARE317,tes,dist/upload/37
38,ssws,100,100,dsdd,sdasd,90,89,1,23,IDWARE318,tes,dist/upload/38
39,ssws,100,100,dsdd,sdasd,90,89,1,23,IDWARE319,tes,dist/upload/39
40,ssws,100,100,dsdd,sdasd,90,89,1,23,IDWARE320,tes,dist/upload/40
41,ssws,100,100,dsdd,sdasd,90,89,1,23,IDWARE321,tes,dist/upload/41
42,ssws,100,100,dsdd,sdasd,90,89,1,23,IDWARE322,tes,dist/upload/42
43,ssws,100,100,dsdd,sdasd,90,89,1,23,IDWARE323,tes,dist/upload/43
44,ssws,100,100,dsdd,sdasd,90,89,1,23,IDWARE324,tes,dist/upload/44
45,ssws,100,100,dsdd,sdasd,90,89,1,23,IDWARE325,tes,dist/upload/45
46,ssws,100,100,dsdd,sdasd,90,89,1,23,IDWARE326,tes,dist/upload/46
47,ssws,100,100,dsdd,sdasd,90,89,1,23,IDWARE327,tes,dist/upload/47
48,ssws,100,100,dsdd,sdasd,90,89,1,23,IDWARE328,tes,dist/upload/48
49,ssws,100,100,dsdd,sdasd,90,89,1,23,IDWARE329,tes,dist/upload/49
50,ssws,100,100,dsdd,sdasd,90,89,1,23,IDWARE330,tes,dist/upload/50
51,ssws,100,100,dsdd,sdasd,90,89,1,23,IDWARE331,tes,dist/upload/51
52,ssws,100,100,dsdd,sdasd,90,89,1,23,IDWARE332,tes,dist/upload/52
53,ssws,100,100,dsdd,sdasd,90,89,1,23,IDWARE333,tes,dist/upload/53
54,ssws,100,100,dsdd,sdasd,90,89,1,23,IDWARE334,tes,dist/upload/54
55,ssws,100,100,dsdd,sdasd,90,89,1,23,IDWARE335,tes,dist/upload/55
56,ssws,100,100,dsdd,sdasd,90,89,1,23,IDWARE336,tes,dist/upload/56
57,ssws,100,100,dsdd,sdasd,90,89,1,23,IDWARE337,tes,dist/upload/57
58,ssws,100,100,dsdd,sdasd,90,89,1,23,IDWARE338,tes,dist/upload/58
59,ssws,100,100,dsdd,sdasd,90,89,1,23,IDWARE339,tes,dist/upload/59
60,ssws,100,100,dsdd,sdasd,90,89,1,23,IDWARE340,tes,dist/upload/60
61,ssws,100,100,dsdd,sdasd,90,89,1,23,IDWARE341,tes,dist/upload/61
62,ssws,100,100,dsdd,sdasd,90,89,1,23,IDWARE342,tes,dist/upload/62
63,ssws,100,100,dsdd,sdasd,90,89,1,23,IDWARE343,tes,dist/upload/63
64,ssws,100,100,dsdd,sdasd,90,89,1,23,IDWARE344,tes,dist/upload/64
65,ssws,100,100,dsdd,sdasd,90,89,1,23,IDWARE345,tes,dist/upload/65
66,ssws,100,100,dsdd,sdasd,90,89,1,23,IDWARE346,tes,dist/upload/66
67,ssws,100,100,dsdd,sdasd,90,89,1,23,IDWARE347,tes,dist/upload/67
68,ssws,100,100,dsdd,sdasd,90,89,1,23,IDWARE348,tes,dist/upload/68
69,ssws,100,100,dsdd,sdasd,90,89,1,23,IDWARE349,tes,dist/upload/69
70,ssws,100,100,dsdd,sdasd,90,89,1,23,IDWARE350,tes,dist/upload/70
71,ssws,100,100,dsdd,sdasd,90,89,1,23,IDWARE351,tes,dist/upload/71
72,ssws,100,100,dsdd,sdasd,90,89,1,23,IDWARE352,tes,dist/upload/72
73,ssws,100,100,dsdd,sdasd,90,89,1,23,IDWARE353,tes,dist/upload/73
74,ssws,100,100,dsdd,sdasd,90,89,1,23,IDWARE354,tes,dist/upload/74
75,ssws,100,100,dsdd,sdasd,90,89,1,23,IDWARE355,tes,dist/upload/75
76,ssws,100,100,dsdd,sdasd,90,89,1,23,IDWARE356,tes,dist/upload/76
77,ssws,100,100,dsdd,sdasd,90,89,1,23,IDWARE357,tes,dist/upload/77
78,ssws,100,100,dsdd,sdasd,90,89,1,23,IDWARE358,tes,dist/upload/78
79,ssws,100,100,dsdd,sdasd,90,89,1,23,IDWARE359,tes,dist/upload/79
80,ssws,100,100,dsdd,sdasd,90,89,1,23,IDWARE360,tes,dist/upload/80
81,ssws,100,100,dsdd,sdasd,90,89,1,23,IDWARE361,tes,dist/upload/81
82,ssws,100,100,dsdd,sdasd,90,89,1,23,IDWARE362,tes,dist/upload/82
83,ssws,100,100,dsdd,sdasd,90,89,1,23,IDWARE363,tes,dist/upload/83
84,ssws,100,100,dsdd,sdasd,90,89,1,23,IDWARE364,tes,dist/upload/84
85,ssws,100,100,dsdd,sdasd,90,89,1,23,IDWARE365,tes,dist/upload/85
86,ssws,100,100,dsdd,sdasd,90,89,1,23,IDWARE366,tes,dist/upload/86
87,ssws,100,100,dsdd,sdasd,90,89,1,23,IDWARE367,tes,dist/upload/87
88,ssws,100,100,dsdd,sdasd,90,89,1,23,IDWARE368,tes,dist/upload/88
89,ssws,100,100,dsdd,sdasd,90,89,1,23,IDWARE369,tes,dist/upload/89
90,ssws,100,100,dsdd,sdasd,90,89,1,23,IDWARE370,tes,dist/upload/90
91,ssws,100,100,dsdd,sdasd,90,89,1,23,IDWARE371,tes,dist/upload/91
92,ssws,100,100,dsdd,sdasd,90,89,1,23,IDWARE372,tes,dist/upload/92
93,ssws,100,100,dsdd,sdasd,90,89,1,23,IDWARE373,tes,dist/upload/93
94,ssws,100,100,dsdd,sdasd,90,89,1,23,IDWARE374,tes,dist/upload/94
95,ssws,100,100,dsdd,sdasd,90,89,1,23,IDWARE375,tes,dist/upload/95
96,ssws,100,100,dsdd,sdasd,90,89,1,23,IDWARE376,tes,dist/upload/96
97,ssws,100,100,dsdd,sdasd,90,89,1,23,IDWARE377,tes,dist/upload/97
98,ssws,100,100,dsdd,sdasd,90,89,1,23,IDWARE378,tes,dist/upload/98
99,ssws,100,100,dsdd,sdasd,90,89,1,23,IDWARE379,tes,dist/upload/99
100,ssws,100,100,dsdd,sdasd,90,89,1,23,IDWARE380,tes,dist/upload/100
101,ssws,100,100,dsdd,sdasd,90,89,1,23,IDWARE381,tes,dist/upload/101
102,ssws,100,100,dsdd,sdasd,90,89,1,23,IDWARE382,tes,dist/upload/102
103,ssws,100,100,dsdd,sdasd,90,89,1,23,IDWARE383,tes,dist/upload/103
104,ssws,100,100,dsdd,sdasd,90,89,1,23,IDWARE384,tes,dist/upload/104
105,ssws,100,100,dsdd,sdasd,90,89,1,23,IDWARE385,tes,dist/upload/105
106,ssws,100,100,dsdd,sdasd,90,89,1,23,IDWARE386,tes,dist/upload/106
107,ssws,100,100,dsdd,sdasd,90,89,1,23,IDWARE387,tes,dist/upload/107
108,ssws,100,100,dsdd,sdasd,90,89,1,23,IDWARE388,tes,dist/upload/108
109,ssws,100,100,dsdd,sdasd,90,89,1,23,IDWARE389,tes,dist/upload/109
110,ssws,100,100,dsdd,sdasd,90,89,1,23,IDWARE390,tes,dist/upload/110
111,ssws,100,100,dsdd,sdasd,90,89,1,23,IDWARE391,tes,dist/upload/111
112,ssws,100,100,dsdd,sdasd,90,89,1,23,IDWARE392,tes,dist/upload/112
113,ssws,100,100,dsdd,sdasd,90,89,1,23,IDWARE393,tes,dist/upload/113
114,ssws,100,100,dsdd,sdasd,90,89,1,23,IDWARE394,tes,dist/upload/114
115,ssws,100,100,dsdd,sdasd,90,89,1,23,IDWARE395,tes,dist/upload/115
116,ssws,100,100,dsdd,sdasd,90,89,1,23,IDWARE396,tes,dist/upload/116
117,ssws,100,100,dsdd,sdasd,90,89,1,23,IDWARE397,tes,dist/upload/117
118,ssws,100,100,dsdd,sdasd,90,89,1,23,IDWARE398,tes,dist/upload/118
119,ssws,100,100,dsdd,sdasd,90,89,1,23,IDWARE399,tes,dist/upload/119
120,ssws,100,100,dsdd,sdasd,90,89,1,23,IDWARE400,tes,dist/upload/120
121,ssws,100,100,dsdd,sdasd,90,89,1,23,IDWARE401,tes,dist/upload/121
122,ssws,100,100,dsdd,sdasd,90,89,1,23,IDWARE402,tes,dist/upload/122
123,ssws,100,100,dsdd,sdasd,90,89,1,23,IDWARE403,tes,dist/upload/123
124,ssws,100,100,dsdd,sdasd,90,89,1,23,IDWARE404,tes,dist/upload/124
125,ssws,100,100,dsdd,sdasd,90,89,1,23,IDWARE405,tes,dist/upload/125
126,ssws,100,100,dsdd,sdasd,90,89,1,23,IDWARE406,tes,dist/upload/126
127,ssws,100,100,dsdd,sdasd,90,89,1,23,IDWARE407,tes,dist/upload/127
128,ssws,100,100,dsdd,sdasd,90,89,1,23,IDWARE408,tes,dist/upload/128
129,ssws,100,100,dsdd,sdasd,90,89,1,23,IDWARE409,tes,dist/upload/129
130,ssws,100,100,dsdd,sdasd,90,89,1,23,IDWARE410,tes,dist/upload/130
131,ssws,100,100,dsdd,sdasd,90,89,1,23,IDWARE411,tes,dist/upload/131
132,ssws,100,100,dsdd,sdasd,90,89,1,23,IDWARE412,tes,dist/upload/132
133,ssws,100,100,dsdd,sdasd,90,89,1,23,IDWARE413,tes,dist/upload/133
134,ssws,100,100,dsdd,sdasd,90,89,1,23,IDWARE414,tes,dist/upload/134
135,ssws,100,100,dsdd,sdasd,90,89,1,23,IDWARE415,tes,dist/upload/135
136,ssws,100,100,dsdd,sdasd,90,89,1,23,IDWARE416,tes,dist/upload/136
137,ssws,100,100,dsdd,sdasd,90,89,1,23,IDWARE417,tes,dist/upload/137
138,ssws,100,100,dsdd,sdasd,90,89,1,23,IDWARE418,tes,dist/upload/138
139,ssws,100,100,dsdd,sdasd,90,89,1,23,IDWARE419,tes,dist/upload/139
140,ssws,100,100,dsdd,sdasd,90,89,1,23,IDWARE420,tes,dist/upload/140
141,ssws,100,100,dsdd,sdasd,90,89,1,23,IDWARE421,tes,dist/upload/141
142,ssws,100,100,dsdd,sdasd,90,89,1,23,IDWARE422,tes,dist/upload/142
143,ssws,100,100,dsdd,sdasd,90,89,1,23,IDWARE423,tes,dist/upload/143
144,ssws,100,100,dsdd,sdasd,90,89,1,23,IDWARE424,tes,dist/upload/144
145,ssws,100,100,dsdd,sdasd,90,89,1,23,IDWARE425,tes,dist/upload/145
146,ssws,100,100,dsdd,sdasd,90,89,1,23,IDWARE426,tes,dist/upload/146
147,ssws,100,100,dsdd,sdasd,90,89,1,23,IDWARE427,tes,dist/upload/147
148,ssws,100,100,dsdd,sdasd,90,89,1,23,IDWARE428,tes,dist/upload/148
149,ssws,100,100,dsdd,sdasd,90,89,1,23,IDWARE429,tes,dist/upload/149
150,ssws,100,100,dsdd,sdasd,90,89,1,23,IDWARE430,tes,dist/upload/150
151,ssws,100,100,dsdd,sdasd,90,89,1,23,IDWARE431,tes,dist/upload/151
152,ssws,100,100,dsdd,sdasd,90,89,1,23,IDWARE432,tes,dist/upload/152
153,ssws,100,100,dsdd,sdasd,90,89,1,23,IDWARE433,tes,dist/upload/153
154,ssws,100,100,dsdd,sdasd,90,89,1,23,IDWARE434,tes,dist/upload/154
155,ssws,100,100,dsdd,sdasd,90,89,1,23,IDWARE435,tes,dist/upload/155
156,ssws,100,100,dsdd,sdasd,90,89,1,23,IDWARE436,tes,dist/upload/156
157,ssws,100,100,dsdd,sdasd,90,89,1,23,IDWARE437,tes,dist/upload/157
158,ssws,100,100,dsdd,sdasd,90,89,1,23,IDWARE438,tes,dist/upload/158
159,ssws,100,100,dsdd,sdasd,90,89,1,23,IDWARE439,tes,dist/upload/159
160,ssws,100,100,dsdd,sdasd,90,89,1,23,IDWARE440,tes,dist/upload/160
161,ssws,100,100,dsdd,sdasd,90,89,1,23,IDWARE441,tes,dist/upload/161
162,ssws,100,100,dsdd,sdasd,90,89,1,23,IDWARE442,tes,dist/upload/162
163,ssws,100,100,dsdd,sdasd,90,89,1,23,IDWARE443,tes,dist/upload/163
164,ssws,100,100,dsdd,sdasd,90,89,1,23,IDWARE444,tes,dist/upload/164
165,ssws,100,100,dsdd,sdasd,90,89,1,23,IDWARE445,tes,dist/upload/165
166,ssws,100,100,dsdd,sdasd,90,89,1,23,IDWARE446,tes,dist/upload/166
167,ssws,100,100,dsdd,sdasd,90,89,1,23,IDWARE447,tes,dist/upload/167
168,ssws,100,100,dsdd,sdasd,90,89,1,23,IDWARE448,tes,dist/upload/168
169,ssws,100,100,dsdd,sdasd,90,89,1,23,IDWARE449,tes,dist/upload/169
170,ssws,100,100,dsdd,sdasd,90,89,1,23,IDWARE450,tes,dist/upload/170
171,ssws,100,100,dsdd,sdasd,90,89,1,23,IDWARE451,tes,dist/upload/171
172,ssws,100,100,dsdd,sdasd,90,89,1,23,IDWARE452,tes,dist/upload/172
173,ssws,100,100,dsdd,sdasd,90,89,1,23,IDWARE453,tes,dist/upload/173
174,ssws,100,100,dsdd,sdasd,90,89,1,23,IDWARE454,tes,dist/upload/174
175,ssws,100,100,dsdd,sdasd,90,89,1,23,IDWARE455,tes,dist/upload/175
176,ssws,100,100,dsdd,sdasd,90,89,1,23,IDWARE456,tes,dist/upload/176
177,ssws,100,100,dsdd,sdasd,90,89,1,23,IDWARE457,tes,dist/upload/177
178,ssws,100,100,dsdd,sdasd,90,89,1,23,IDWARE458,tes,dist/upload/178
179,ssws,100,100,dsdd,sdasd,90,89,1,23,IDWARE459,tes,dist/upload/179
180,ssws,100,100,dsdd,sdasd,90,89,1,23,IDWARE460,tes,dist/upload/180
181,ssws,100,100,dsdd,sdasd,90,89,1,23,IDWARE461,tes,dist/upload/181
182,ssws,100,100,dsdd,sdasd,90,89,1,23,IDWARE462,tes,dist/upload/182
183,ssws,100,100,dsdd,sdasd,90,89,1,23,IDWARE463,tes,dist/upload/183
184,ssws,100,100,dsdd,sdasd,90,89,1,23,IDWARE464,tes,dist/upload/184
185,ssws,100,100,dsdd,sdasd,90,89,1,23,IDWARE465,tes,dist/upload/185
186,ssws,100,100,dsdd,sdasd,90,89,1,23,IDWARE466,tes,dist/upload/186
187,ssws,100,100,dsdd,sdasd,90,89,1,23,IDWARE467,tes,dist/upload/187
188,ssws,100,100,dsdd,sdasd,90,89,1,23,IDWARE468,tes,dist/upload/188
189,ssws,100,100,dsdd,sdasd,90,89,1,23,IDWARE469,tes,dist/upload/189
190,ssws,100,100,dsdd,sdasd,90,89,1,23,IDWARE470,tes,dist/upload/190
191,ssws,100,100,dsdd,sdasd,90,89,1,23,IDWARE471,tes,dist/upload/191
192,ssws,100,100,dsdd,sdasd,90,89,1,23,IDWARE472,tes,dist/upload/192
193,ssws,100,100,dsdd,sdasd,90,89,1,23,IDWARE473,tes,dist/upload/193
194,ssws,100,100,dsdd,sdasd,90,89,1,23,IDWARE474,tes,dist/upload/194
195,ssws,100,100,dsdd,sdasd,90,89,1,23,IDWARE475,tes,dist/upload/195
196,ssws,100,100,dsdd,sdasd,90,89,1,23,IDWARE476,tes,dist/upload/196
197,ssws,100,100,dsdd,sdasd,90,89,1,23,IDWARE477,tes,dist/upload/197
198,ssws,100,100,dsdd,sdasd,90,89,1,23,IDWARE478,tes,dist/upload/198
199,ssws,100,100,dsdd,sdasd,90,89,1,23,IDWARE479,tes,dist/upload/199
200,ssws,100,100,dsdd,sdasd,90,89,1,23,IDWARE480,tes,dist/upload/200
201,ssws,100,100,dsdd,sdasd,90,89,1,23,IDWARE481,tes,dist/upload/201
202,ssws,100,100,dsdd,sdasd,90,89,1,23,IDWARE482,tes,dist/upload/202
203,ssws,100,100,dsdd,sdasd,90,89,1,23,IDWARE483,tes,dist/upload/203
204,ssws,100,100,dsdd,sdasd,90,89,1,23,IDWARE484,tes,dist/upload/204
205,ssws,100,100,dsdd,sdasd,90,89,1,23,IDWARE485,tes,dist/upload/205
206,ssws,100,100,dsdd,sdasd,90,89,1,23,IDWARE486,tes,dist/upload/206
207,ssws,100,100,dsdd,sdasd,90,89,1,23,IDWARE487,tes,dist/upload/207
208,ssws,100,100,dsdd,sdasd,90,89,1,23,IDWARE488,tes,dist/upload/208
209,ssws,100,100,dsdd,sdasd,90,89,1,23,IDWARE489,tes,dist/upload/209
210,ssws,100,100,dsdd,sdasd,90,89,1,23,IDWARE490,tes,dist/upload/210
211,ssws,100,100,dsdd,sdasd,90,89,1,23,IDWARE491,tes,dist/upload/211
212,ssws,100,100,dsdd,sdasd,90,89,1,23,IDWARE492,tes,dist/upload/212
213,ssws,100,100,dsdd,sdasd,90,89,1,23,IDWARE493,tes,dist/upload/213
214,ssws,100,100,dsdd,sdasd,90,89,1,23,IDWARE494,tes,dist/upload/214
215,ssws,100,100,dsdd,sdasd,90,89,1,23,IDWARE495,tes,dist/upload/215
216,ssws,100,100,dsdd,sdasd,90,89,1,23,IDWARE496,tes,dist/upload/216
217,ssws,100,100,dsdd,sdasd,90,89,1,23,IDWARE497,tes,dist/upload/217
218,ssws,100,100,dsdd,sdasd,90,89,1,23,IDWARE498,tes,dist/upload/218
219,ssws,100,100,dsdd,sdasd,90,89,1,23,IDWARE499,tes,dist/upload/219
220,ssws,100,100,dsdd,sdasd,90,89,1,23,IDWARE500,tes,dist/upload/220
221,ssws,100,100,dsdd,sdasd,90,89,1,23,IDWARE501,tes,dist/upload/221
222,ssws,100,100,dsdd,sdasd,90,89,1,23,IDWARE502,tes,dist/upload/222
223,ssws,100,100,dsdd,sdasd,90,89,1,23,IDWARE503,tes,dist/upload/223
224,ssws,100,100,dsdd,sdasd,90,89,1,23,IDWARE504,tes,dist/upload/224
225,ssws,100,100,dsdd,sdasd,90,89,1,23,IDWARE505,tes,dist/upload/225
226,ssws,100,100,dsdd,sdasd,90,89,1,23,IDWARE506,tes,dist/upload/226
227,ssws,100,100,dsdd,sdasd,90,89,1,23,IDWARE507,tes,dist/upload/227
228,ssws,100,100,dsdd,sdasd,90,89,1,23,IDWARE508,tes,dist/upload/228
229,ssws,100,100,dsdd,sdasd,90,89,1,23,IDWARE509,tes,dist/upload/229
230,ssws,100,100,dsdd,sdasd,90,89,1,23,IDWARE510,tes,dist/upload/230
231,ssws,100,100,dsdd,sdasd,90,89,1,23,IDWARE511,tes,dist/upload/231
232,ssws,100,100,dsdd,sdasd,90,89,1,23,IDWARE512,tes,dist/upload/232
233,ssws,100,100,dsdd,sdasd,90,89,1,23,IDWARE513,tes,dist/upload/233
234,ssws,100,100,dsdd,sdasd,90,89,1,23,IDWARE514,tes,dist/upload/234
235,ssws,100,100,dsdd,sdasd,90,89,1,23,IDWARE515,tes,dist/upload/235
236,ssws,100,100,dsdd,sdasd,90,89,1,23,IDWARE516,tes,dist/upload/236
237,ssws,100,100,dsdd,sdasd,90,89,1,23,IDWARE517,tes,dist/upload/237
238,ssws,100,100,dsdd,sdasd,90,89,1,23,IDWARE518,tes,dist/upload/238
239,ssws,100,100,dsdd,sdasd,90,89,1,23,IDWARE519,tes,dist/upload/239
240,ssws,100,100,dsdd,sdasd,90,89,1,23,IDWARE520,tes,dist/upload/240
241,ssws,100,100,dsdd,sdasd,90,89,1,23,IDWARE521,tes,dist/upload/241
242,ssws,100,100,dsdd,sdasd,90,89,1,23,IDWARE522,tes,dist/upload/242
243,ssws,100,100,dsdd,sdasd,90,89,1,23,IDWARE523,tes,dist/upload/243
244,ssws,100,100,dsdd,sdasd,90,89,1,23,IDWARE524,tes,dist/upload/244
245,ssws,100,100,dsdd,sdasd,90,89,1,23,IDWARE525,tes,dist/upload/245
246,ssws,100,100,dsdd,sdasd,90,89,1,23,IDWARE526,tes,dist/upload/246
247,ssws,100,100,dsdd,sdasd,90,89,1,23,IDWARE527,tes,dist/upload/247
248,ssws,100,100,dsdd,sdasd,90,89,1,23,IDWARE528,tes,dist/upload/248
249,ssws,100,100,dsdd,sdasd,90,89,1,23,IDWARE529,tes,dist/upload/249
250,ssws,100,100,dsdd,sdasd,90,89,1,23,IDWARE530,tes,dist/upload/250
251,ssws,100,100,dsdd,sdasd,90,89,1,23,IDWARE531,tes,dist/upload/251
252,ssws,100,100,dsdd,sdasd,90,89,1,23,IDWARE532,tes,dist/upload/252
253,ssws,100,100,dsdd,sdasd,90,89,1,23,IDWARE533,tes,dist/upload/253
254,ssws,100,100,dsdd,sdasd,90,89,1,23,IDWARE534,tes,dist/upload/254
255,ssws,100,100,dsdd,sdasd,90,89,1,23,IDWARE535,tes,dist/upload/255
256,ssws,100,100,dsdd,sdasd,90,89,1,23,IDWARE536,tes,dist/upload/256
257,ssws,100,100,dsdd,sdasd,90,89,1,23,IDWARE537,tes,dist/upload/257
258,ssws,100,100,dsdd,sdasd,90,89,1,23,IDWARE538,tes,dist/upload/258
259,ssws,100,100,dsdd,sdasd,90,89,1,23,IDWARE539,tes,dist/upload/259
260,ssws,100,100,dsdd,sdasd,90,89,1,23,IDWARE540,tes,dist/upload/260
261,ssws,100,100,dsdd,sdasd,90,89,1,23,IDWARE541,tes,dist/upload/261
262,ssws,100,100,dsdd,sdasd,90,89,1,23,IDWARE542,tes,dist/upload/262
263,ssws,100,100,dsdd,sdasd,90,89,1,23,IDWARE543,tes,dist/upload/263
264,ssws,100,100,dsdd,sdasd,90,89,1,23,IDWARE544,tes,dist/upload/264
265,ssws,100,100,dsdd,sdasd,90,89,1,23,IDWARE545,tes,dist/upload/265
266,ssws,100,100,dsdd,sdasd,90,89,1,23,IDWARE546,tes,dist/upload/266
267,ssws,100,100,dsdd,sdasd,90,89,1,23,IDWARE547,tes,dist/upload/267
268,ssws,100,100,dsdd,sdasd,90,89,1,23,IDWARE548,tes,dist/upload/268
269,ssws,100,100,dsdd,sdasd,90,89,1,23,IDWARE549,tes,dist/upload/269
270,ssws,100,100,dsdd,sdasd,90,89,1,23,IDWARE550,tes,dist/upload/270
271,ssws,100,100,dsdd,sdasd,90,89,1,23,IDWARE551,tes,dist/upload/271
272,ssws,100,100,dsdd,sdasd,90,89,1,23,IDWARE552,tes,dist/upload/272
273,ssws,100,100,dsdd,sdasd,90,89,1,23,IDWARE553,tes,dist/upload/273
274,ssws,100,100,dsdd,sdasd,90,89,1,23,IDWARE554,tes,dist/upload/274
275,ssws,100,100,dsdd,sdasd,90,89,1,23,IDWARE555,tes,dist/upload/275
276,ssws,100,100,dsdd,sdasd,90,89,1,23,IDWARE556,tes,dist/upload/276
277,ssws,100,100,dsdd,sdasd,90,89,1,23,IDWARE557,tes,dist/upload/277
278,ssws,100,100,dsdd,sdasd,90,89,1,23,IDWARE558,tes,dist/upload/278
279,ssws,100,100,dsdd,sdasd,90,89,1,23,IDWARE559,tes,dist/upload/279
280,ssws,100,100,dsdd,sdasd,90,89,1,23,IDWARE560,tes,dist/upload/280
281,ssws,100,100,dsdd,sdasd,90,89,1,23,IDWARE561,tes,dist/upload/281
282,ssws,100,100,dsdd,sdasd,90,89,1,23,IDWARE562,tes,dist/upload/282
283,ssws,100,100,dsdd,sdasd,90,89,1,23,IDWARE563,tes,dist/upload/283
284,ssws,100,100,dsdd,sdasd,90,89,1,23,IDWARE564,tes,dist/upload/284
285,ssws,100,100,dsdd,sdasd,90,89,1,23,IDWARE565,tes,dist/upload/285
286,ssws,100,100,dsdd,sdasd,90,89,1,23,IDWARE566,tes,dist/upload/286
287,ssws,100,100,dsdd,sdasd,90,89,1,23,IDWARE567,tes,dist/upload/287
288,ssws,100,100,dsdd,sdasd,90,89,1,23,IDWARE568,tes,dist/upload/288
289,ssws,100,100,dsdd,sdasd,90,89,1,23,IDWARE569,tes,dist/upload/289
290,ssws,100,100,dsdd,sdasd,90,89,1,23,IDWARE570,tes,dist/upload/290
291,ssws,100,100,dsdd,sdasd,90,89,1,23,IDWARE571,tes,dist/upload/291
292,ssws,100,100,dsdd,sdasd,90,89,1,23,IDWARE572,tes,dist/upload/292
293,ssws,100,100,dsdd,sdasd,90,89,1,23,IDWARE573,tes,dist/upload/293
294,ssws,100,100,dsdd,sdasd,90,89,1,23,IDWARE574,tes,dist/upload/294
295,ssws,100,100,dsdd,sdasd,90,89,1,23,IDWARE575,tes,dist/upload/295
296,ssws,100,100,dsdd,sdasd,90,89,1,23,IDWARE576,tes,dist/upload/296
297,ssws,100,100,dsdd,sdasd,90,89,1,23,IDWARE577,tes,dist/upload/297
298,ssws,100,100,dsdd,sdasd,90,89,1,23,IDWARE578,tes,dist/upload/298
299,ssws,100,100,dsdd,sdasd,90,89,1,23,IDWARE579,tes,dist/upload/299
300,ssws,100,100,dsdd,sdasd,90,89,1,23,IDWARE580,tes,dist/upload/300
301,ssws,100,100,dsdd,sdasd,90,89,1,23,IDWARE581,tes,dist/upload/301
302,ssws,100,100,dsdd,sdasd,90,89,1,23,IDWARE582,tes,dist/upload/302
303,ssws,100,100,dsdd,sdasd,90,89,1,23,IDWARE583,tes,dist/upload/303
304,ssws,100,100,dsdd,sdasd,90,89,1,23,IDWARE584,tes,dist/upload/304
305,ssws,100,100,dsdd,sdasd,90,89,1,23,IDWARE585,tes,dist/upload/305
306,ssws,100,100,dsdd,sdasd,90,89,1,23,IDWARE586,tes,dist/upload/306
307,ssws,100,100,dsdd,sdasd,90,89,1,23,IDWARE587,tes,dist/upload/307
308,ssws,100,100,dsdd,sdasd,90,89,1,23,IDWARE588,tes,dist/upload/308
309,ssws,100,100,dsdd,sdasd,90,89,1,23,IDWARE589,tes,dist/upload/309
310,ssws,100,100,dsdd,sdasd,90,89,1,23,IDWARE590,tes,dist/upload/310
311,ssws,100,100,dsdd,sdasd,90,89,1,23,IDWARE591,tes,dist/upload/311
312,ssws,100,100,dsdd,sdasd,90,89,1,23,IDWARE592,tes,dist/upload/312
313,ssws,100,100,dsdd,sdasd,90,89,1,23,IDWARE593,tes,dist/upload/313
314,ssws,100,100,dsdd,sdasd,90,89,1,23,IDWARE594,tes,dist/upload/314
315,ssws,100,100,dsdd,sdasd,90,89,1,23,IDWARE595,tes,dist/upload/315
316,ssws,100,100,dsdd,sdasd,90,89,1,23,IDWARE596,tes,dist/upload/316
317,ssws,100,100,dsdd,sdasd,90,89,1,23,IDWARE597,tes,dist/upload/317
318,ssws,100,100,dsdd,sdasd,90,89,1,23,IDWARE598,tes,dist/upload/318
319,ssws,100,100,dsdd,sdasd,90,89,1,23,IDWARE599,tes,dist/upload/319
320,ssws,100,100,dsdd,sdasd,90,89,1,23,IDWARE600,tes,dist/upload/320
321,ssws,100,100,dsdd,sdasd,90,89,1,23,IDWARE601,tes,dist/upload/321
322,ssws,100,100,dsdd,sdasd,90,89,1,23,IDWARE602,tes,dist/upload/322
323,ssws,100,100,dsdd,sdasd,90,89,1,23,IDWARE603,tes,dist/upload/323
324,ssws,100,100,dsdd,sdasd,90,89,1,23,IDWARE604,tes,dist/upload/324
325,ssws,100,100,dsdd,sdasd,90,89,1,23,IDWARE605,tes,dist/upload/325
326,ssws,100,100,dsdd,sdasd,90,89,1,23,IDWARE606,tes,dist/upload/326
327,ssws,100,100,dsdd,sdasd,90,89,1,23,IDWARE607,tes,dist/upload/327
328,ssws,100,100,dsdd,sdasd,90,89,1,23,IDWARE608,tes,dist/upload/328
329,ssws,100,100,dsdd,sdasd,90,89,1,23,IDWARE609,tes,dist/upload/329
330,ssws,100,100,dsdd,sdasd,90,89,1,23,IDWARE610,tes,dist/upload/330
331,ssws,100,100,dsdd,sdasd,90,89,1,23,IDWARE611,tes,dist/upload/331
332,ssws,100,100,dsdd,sdasd,90,89,1,23,IDWARE612,tes,dist/upload/332
333,ssws,100,100,dsdd,sdasd,90,89,1,23,IDWARE613,tes,dist/upload/333
334,ssws,100,100,dsdd,sdasd,90,89,1,23,IDWARE614,tes,dist/upload/334
335,ssws,100,100,dsdd,sdasd,90,89,1,23,IDWARE615,tes,dist/upload/335
336,ssws,100,100,dsdd,sdasd,90,89,1,23,IDWARE616,tes,dist/upload/336
337,ssws,100,100,dsdd,sdasd,90,89,1,23,IDWARE617,tes,dist/upload/337
338,ssws,100,100,dsdd,sdasd,90,89,1,23,IDWARE618,tes,dist/upload/338
339,ssws,100,100,dsdd,sdasd,90,89,1,23,IDWARE619,tes,dist/upload/339
340,ssws,100,100,dsdd,sdasd,90,89,1,23,IDWARE620,tes,dist/upload/340
341,ssws,100,100,dsdd,sdasd,90,89,1,23,IDWARE621,tes,dist/upload/341
342,ssws,100,100,dsdd,sdasd,90,89,1,23,IDWARE622,tes,dist/upload/342
343,ssws,100,100,dsdd,sdasd,90,89,1,23,IDWARE623,tes,dist/upload/343
344,ssws,100,100,dsdd,sdasd,90,89,1,23,IDWARE624,tes,dist/upload/344
345,ssws,100,100,dsdd,sdasd,90,89,1,23,IDWARE625,tes,dist/upload/345
346,ssws,100,100,dsdd,sdasd,90,89,1,23,IDWARE626,tes,dist/upload/346
347,ssws,100,100,dsdd,sdasd,90,89,1,23,IDWARE627,tes,dist/upload/347
348,ssws,100,100,dsdd,sdasd,90,89,1,23,IDWARE628,tes,dist/upload/348
349,ssws,100,100,dsdd,sdasd,90,89,1,23,IDWARE629,tes,dist/upload/349
350,ssws,100,100,dsdd,sdasd,90,89,1,23,IDWARE630,tes,dist/upload/350
351,ssws,100,100,dsdd,sdasd,90,89,1,23,IDWARE631,tes,dist/upload/351
352,ssws,100,100,dsdd,sdasd,90,89,1,23,IDWARE632,tes,dist/upload/352
353,ssws,100,100,dsdd,sdasd,90,89,1,23,IDWARE633,tes,dist/upload/353
354,ssws,100,100,dsdd,sdasd,90,89,1,23,IDWARE634,tes,dist/upload/354
355,ssws,100,100,dsdd,sdasd,90,89,1,23,IDWARE635,tes,dist/upload/355
356,ssws,100,100,dsdd,sdasd,90,89,1,23,IDWARE636,tes,dist/upload/356
357,ssws,100,100,dsdd,sdasd,90,89,1,23,IDWARE637,tes,dist/upload/357
358,ssws,100,100,dsdd,sdasd,90,89,1,23,IDWARE638,tes,dist/upload/358
359,ssws,100,100,dsdd,sdasd,90,89,1,23,IDWARE639,tes,dist/upload/359
360,ssws,100,100,dsdd,sdasd,90,89,1,23,IDWARE640,tes,dist/upload/360
361,ssws,100,100,dsdd,sdasd,90,89,1,23,IDWARE641,tes,dist/upload/361
362,ssws,100,100,dsdd,sdasd,90,89,1,23,IDWARE642,tes,dist/upload/362
363,ssws,100,100,dsdd,sdasd,90,89,1,23,IDWARE643,tes,dist/upload/363
364,ssws,100,100,dsdd,sdasd,90,89,1,23,IDWARE644,tes,dist/upload/364
365,ssws,100,100,dsdd,sdasd,90,89,1,23,IDWARE645,tes,dist/upload/365
366,ssws,100,100,dsdd,sdasd,90,89,1,23,IDWARE646,tes,dist/upload/366
367,ssws,100,100,dsdd,sdasd,90,89,1,23,IDWARE647,tes,dist/upload/367
368,ssws,100,100,dsdd,sdasd,90,89,1,23,IDWARE648,tes,dist/upload/368
369,ssws,100,100,dsdd,sdasd,90,89,1,23,IDWARE649,tes,dist/upload/369
370,ssws,100,100,dsdd,sdasd,90,89,1,23,IDWARE650,tes,dist/upload/370
371,ssws,100,100,dsdd,sdasd,90,89,1,23,IDWARE651,tes,dist/upload/371
372,ssws,100,100,dsdd,sdasd,90,89,1,23,IDWARE652,tes,dist/upload/372
373,ssws,100,100,dsdd,sdasd,90,89,1,23,IDWARE653,tes,dist/upload/373
374,ssws,100,100,dsdd,sdasd,90,89,1,23,IDWARE654,tes,dist/upload/374
375,ssws,100,100,dsdd,sdasd,90,89,1,23,IDWARE655,tes,dist/upload/375
376,ssws,100,100,dsdd,sdasd,90,89,1,23,IDWARE656,tes,dist/upload/376
377,ssws,100,100,dsdd,sdasd,90,89,1,23,IDWARE657,tes,dist/upload/377
378,ssws,100,100,dsdd,sdasd,90,89,1,23,IDWARE658,tes,dist/upload/378
379,ssws,100,100,dsdd,sdasd,90,89,1,23,IDWARE659,tes,dist/upload/379
380,ssws,100,100,dsdd,sdasd,90,89,1,23,IDWARE660,tes,dist/upload/380
381,ssws,100,100,dsdd,sdasd,90,89,1,23,IDWARE661,tes,dist/upload/381
382,ssws,100,100,dsdd,sdasd,90,89,1,23,IDWARE662,tes,dist/upload/382
383,ssws,100,100,dsdd,sdasd,90,89,1,23,IDWARE663,tes,dist/upload/383
384,ssws,100,100,dsdd,sdasd,90,89,1,23,IDWARE664,tes,dist/upload/384
385,ssws,100,100,dsdd,sdasd,90,89,1,23,IDWARE665,tes,dist/upload/385
386,ssws,100,100,dsdd,sdasd,90,89,1,23,IDWARE666,tes,dist/upload/386
387,ssws,100,100,dsdd,sdasd,90,89,1,23,IDWARE667,tes,dist/upload/387
388,ssws,100,100,dsdd,sdasd,90,89,1,23,IDWARE668,tes,dist/upload/388
389,ssws,100,100,dsdd,sdasd,90,89,1,23,IDWARE669,tes,dist/upload/389
390,ssws,100,100,dsdd,sdasd,90,89,1,23,IDWARE670,tes,dist/upload/390
391,ssws,100,100,dsdd,sdasd,90,89,1,23,IDWARE671,tes,dist/upload/391
392,ssws,100,100,dsdd,sdasd,90,89,1,23,IDWARE672,tes,dist/upload/392
393,ssws,100,100,dsdd,sdasd,90,89,1,23,IDWARE673,tes,dist/upload/393
394,ssws,100,100,dsdd,sdasd,90,89,1,23,IDWARE674,tes,dist/upload/394
395,ssws,100,100,dsdd,sdasd,90,89,1,23,IDWARE675,tes,dist/upload/395
396,ssws,100,100,dsdd,sdasd,90,89,1,23,IDWARE676,tes,dist/upload/396
397,ssws,100,100,dsdd,sdasd,90,89,1,23,IDWARE677,tes,dist/upload/397
398,ssws,100,100,dsdd,sdasd,90,89,1,23,IDWARE678,tes,dist/upload/398
399,ssws,100,100,dsdd,sdasd,90,89,1,23,IDWARE679,tes,dist/upload/399
400,ssws,100,100,dsdd,sdasd,90,89,1,23,IDWARE680,tes,dist/upload/400
401,ssws,100,100,dsdd,sdasd,90,89,1,23,IDWARE681,tes,dist/upload/401
402,ssws,100,100,dsdd,sdasd,90,89,1,23,IDWARE682,tes,dist/upload/402
403,ssws,100,100,dsdd,sdasd,90,89,1,23,IDWARE683,tes,dist/upload/403
404,ssws,100,100,dsdd,sdasd,90,89,1,23,IDWARE684,tes,dist/upload/404
405,ssws,100,100,dsdd,sdasd,90,89,1,23,IDWARE685,tes,dist/upload/405
406,ssws,100,100,dsdd,sdasd,90,89,1,23,IDWARE686,tes,dist/upload/406
407,ssws,100,100,dsdd,sdasd,90,89,1,23,IDWARE687,tes,dist/upload/407
408,ssws,100,100,dsdd,sdasd,90,89,1,23,IDWARE688,tes,dist/upload/408
409,ssws,100,100,dsdd,sdasd,90,89,1,23,IDWARE689,tes,dist/upload/409
410,ssws,100,100,dsdd,sdasd,90,89,1,23,IDWARE690,tes,dist/upload/410
411,ssws,100,100,dsdd,sdasd,90,89,1,23,IDWARE691,tes,dist/upload/411
412,ssws,100,100,dsdd,sdasd,90,89,1,23,IDWARE692,tes,dist/upload/412
413,ssws,100,100,dsdd,sdasd,90,89,1,23,IDWARE693,tes,dist/upload/413
414,ssws,100,100,dsdd,sdasd,90,89,1,23,IDWARE694,tes,dist/upload/414
415,ssws,100,100,dsdd,sdasd,90,89,1,23,IDWARE695,tes,dist/upload/415
416,ssws,100,100,dsdd,sdasd,90,89,1,23,IDWARE696,tes,dist/upload/416
417,ssws,100,100,dsdd,sdasd,90,89,1,23,IDWARE697,tes,dist/upload/417
418,ssws,100,100,dsdd,sdasd,90,89,1,23,IDWARE698,tes,dist/upload/418
419,ssws,100,100,dsdd,sdasd,90,89,1,23,IDWARE699,tes,dist/upload/419
420,ssws,100,100,dsdd,sdasd,90,89,1,23,IDWARE700,tes,dist/upload/420
421,ssws,100,100,dsdd,sdasd,90,89,1,23,IDWARE701,tes,dist/upload/421
422,ssws,100,100,dsdd,sdasd,90,89,1,23,IDWARE702,tes,dist/upload/422
423,ssws,100,100,dsdd,sdasd,90,89,1,23,IDWARE703,tes,dist/upload/423
424,ssws,100,100,dsdd,sdasd,90,89,1,23,IDWARE704,tes,dist/upload/424
425,ssws,100,100,dsdd,sdasd,90,89,1,23,IDWARE705,tes,dist/upload/425
426,ssws,100,100,dsdd,sdasd,90,89,1,23,IDWARE706,tes,dist/upload/426
427,ssws,100,100,dsdd,sdasd,90,89,1,23,IDWARE707,tes,dist/upload/427
428,ssws,100,100,dsdd,sdasd,90,89,1,23,IDWARE708,tes,dist/upload/428
429,ssws,100,100,dsdd,sdasd,90,89,1,23,IDWARE709,tes,dist/upload/429
430,ssws,100,100,dsdd,sdasd,90,89,1,23,IDWARE710,tes,dist/upload/430
431,ssws,100,100,dsdd,sdasd,90,89,1,23,IDWARE711,tes,dist/upload/431
432,ssws,100,100,dsdd,sdasd,90,89,1,23,IDWARE712,tes,dist/upload/432
433,ssws,100,100,dsdd,sdasd,90,89,1,23,IDWARE713,tes,dist/upload/433
434,ssws,100,100,dsdd,sdasd,90,89,1,23,IDWARE714,tes,dist/upload/434
435,ssws,100,100,dsdd,sdasd,90,89,1,23,IDWARE715,tes,dist/upload/435
436,ssws,100,100,dsdd,sdasd,90,89,1,23,IDWARE716,tes,dist/upload/436
437,ssws,100,100,dsdd,sdasd,90,89,1,23,IDWARE717,tes,dist/upload/437
438,ssws,100,100,dsdd,sdasd,90,89,1,23,IDWARE718,tes,dist/upload/438
439,ssws,100,100,dsdd,sdasd,90,89,1,23,IDWARE719,tes,dist/upload/439
440,ssws,100,100,dsdd,sdasd,90,89,1,23,IDWARE720,tes,dist/upload/440
441,ssws,100,100,dsdd,sdasd,90,89,1,23,IDWARE721,tes,dist/upload/441
442,ssws,100,100,dsdd,sdasd,90,89,1,23,IDWARE722,tes,dist/upload/442
443,ssws,100,100,dsdd,sdasd,90,89,1,23,IDWARE723,tes,dist/upload/443
444,ssws,100,100,dsdd,sdasd,90,89,1,23,IDWARE724,tes,dist/upload/444
445,ssws,100,100,dsdd,sdasd,90,89,1,23,IDWARE725,tes,dist/upload/445
446,ssws,100,100,dsdd,sdasd,90,89,1,23,IDWARE726,tes,dist/upload/446
447,ssws,100,100,dsdd,sdasd,90,89,1,23,IDWARE727,tes,dist/upload/447
448,ssws,100,100,dsdd,sdasd,90,89,1,23,IDWARE728,tes,dist/upload/448
449,ssws,100,100,dsdd,sdasd,90,89,1,23,IDWARE729,tes,dist/upload/449
450,ssws,100,100,dsdd,sdasd,90,89,1,23,IDWARE730,tes,dist/upload/450
451,ssws,100,100,dsdd,sdasd,90,89,1,23,IDWARE731,tes,dist/upload/451
452,ssws,100,100,dsdd,sdasd,90,89,1,23,IDWARE732,tes,dist/upload/452
453,ssws,100,100,dsdd,sdasd,90,89,1,23,IDWARE733,tes,dist/upload/453
454,ssws,100,100,dsdd,sdasd,90,89,1,23,IDWARE734,tes,dist/upload/454
455,ssws,100,100,dsdd,sdasd,90,89,1,23,IDWARE735,tes,dist/upload/455
456,ssws,100,100,dsdd,sdasd,90,89,1,23,IDWARE736,tes,dist/upload/456
457,ssws,100,100,dsdd,sdasd,90,89,1,23,IDWARE737,tes,dist/upload/457
458,ssws,100,100,dsdd,sdasd,90,89,1,23,IDWARE738,tes,dist/upload/458
459,ssws,100,100,dsdd,sdasd,90,89,1,23,IDWARE739,tes,dist/upload/459
460,ssws,100,100,dsdd,sdasd,90,89,1,23,IDWARE740,tes,dist/upload/460
461,ssws,100,100,dsdd,sdasd,90,89,1,23,IDWARE741,tes,dist/upload/461
462,ssws,100,100,dsdd,sdasd,90,89,1,23,IDWARE742,tes,dist/upload/462
463,ssws,100,100,dsdd,sdasd,90,89,1,23,IDWARE743,tes,dist/upload/463
464,ssws,100,100,dsdd,sdasd,90,89,1,23,IDWARE744,tes,dist/upload/464
465,ssws,100,100,dsdd,sdasd,90,89,1,23,IDWARE745,tes,dist/upload/465
466,ssws,100,100,dsdd,sdasd,90,89,1,23,IDWARE746,tes,dist/upload/466
467,ssws,100,100,dsdd,sdasd,90,89,1,23,IDWARE747,tes,dist/upload/467
468,ssws,100,100,dsdd,sdasd,90,89,1,23,IDWARE748,tes,dist/upload/468
469,ssws,100,100,dsdd,sdasd,90,89,1,23,IDWARE749,tes,dist/upload/469
470,ssws,100,100,dsdd,sdasd,90,89,1,23,IDWARE750,tes,dist/upload/470
471,ssws,100,100,dsdd,sdasd,90,89,1,23,IDWARE751,tes,dist/upload/471
472,ssws,100,100,dsdd,sdasd,90,89,1,23,IDWARE752,tes,dist/upload/472
473,ssws,100,100,dsdd,sdasd,90,89,1,23,IDWARE753,tes,dist/upload/473
474,ssws,100,100,dsdd,sdasd,90,89,1,23,IDWARE754,tes,dist/upload/474
475,ssws,100,100,dsdd,sdasd,90,89,1,23,IDWARE755,tes,dist/upload/475
476,ssws,100,100,dsdd,sdasd,90,89,1,23,IDWARE756,tes,dist/upload/476
477,ssws,100,100,dsdd,sdasd,90,89,1,23,IDWARE757,tes,dist/upload/477
478,ssws,100,100,dsdd,sdasd,90,89,1,23,IDWARE758,tes,dist/upload/478
479,ssws,100,100,dsdd,sdasd,90,89,1,23,IDWARE759,tes,dist/upload/479
480,ssws,100,100,dsdd,sdasd,90,89,1,23,IDWARE760,tes,dist/upload/480
481,ssws,100,100,dsdd,sdasd,90,89,1,23,IDWARE761,tes,dist/upload/481
482,ssws,100,100,dsdd,sdasd,90,89,1,23,IDWARE762,tes,dist/upload/482
483,ssws,100,100,dsdd,sdasd,90,89,1,23,IDWARE763,tes,dist/upload/483
484,ssws,100,100,dsdd,sdasd,90,89,1,23,IDWARE764,tes,dist/upload/484
485,ssws,100,100,dsdd,sdasd,90,89,1,23,IDWARE765,tes,dist/upload/485
486,ssws,100,100,dsdd,sdasd,90,89,1,23,IDWARE766,tes,dist/upload/486
487,ssws,100,100,dsdd,sdasd,90,89,1,23,IDWARE767,tes,dist/upload/487
488,ssws,100,100,dsdd,sdasd,90,89,1,23,IDWARE768,tes,dist/upload/488
489,ssws,100,100,dsdd,sdasd,90,89,1,23,IDWARE769,tes,dist/upload/489
490,ssws,100,100,dsdd,sdasd,90,89,1,23,IDWARE770,tes,dist/upload/490
491,ssws,100,100,dsdd,sdasd,90,89,1,23,IDWARE771,tes,dist/upload/491
492,ssws,100,100,dsdd,sdasd,90,89,1,23,IDWARE772,tes,dist/upload/492
493,ssws,100,100,dsdd,sdasd,90,89,1,23,IDWARE773,tes,dist/upload/493
494,ssws,100,100,dsdd,sdasd,90,89,1,23,IDWARE774,tes,dist/upload/494
495,ssws,100,100,dsdd,sdasd,90,89,1,23,IDWARE775,tes,dist/upload/495
496,ssws,100,100,dsdd,sdasd,90,89,1,23,IDWARE776,tes,dist/upload/496
497,ssws,100,100,dsdd,sdasd,90,89,1,23,IDWARE777,tes,dist/upload/497
498,ssws,100,100,dsdd,sdasd,90,89,1,23,IDWARE778,tes,dist/upload/498
499,ssws,100,100,dsdd,sdasd,90,89,1,23,IDWARE779,tes,dist/upload/499
500,ssws,100,100,dsdd,sdasd,90,89,1,23,IDWARE780,tes,dist/upload/500
